steps,config,model,n_head,n_layer,lr,n_kv_head,model_size_m,train_loss,val_loss,train_acc,val_acc,elapsed_s
2000,GQA_h8_kv4_l8_lr0.01,GQA,8,8,0.01,4,1.9931,1.5943362712860107,1.7702100276947021,0.515185534954071,0.47810059785842896,1482.8
2000,GQA_h8_kv2_l8_lr0.01,GQA,8,8,0.01,2,1.9276,1.603405237197876,1.7729651927947998,0.51025390625,0.47478026151657104,1298.7
2000,MHA_h8_l8_lr0.01,MHA,8,8,0.01,—,2.1242,1.6188600063323975,1.7935879230499268,0.510571300983429,0.47160643339157104,2270.8
2000,MHA_h4_l4_lr0.01,MHA,4,4,0.01,—,1.0746,1.6052404642105103,1.7914478778839111,0.5129638910293579,0.4702392518520355,958.1
2000,GQA_h8_kv4_l4_lr0.01,GQA,8,4,0.01,4,1.009,1.6059484481811523,1.7909797430038452,0.509106457233429,0.4676757752895355,1058.5
